ABRD,TQBR,10,0.5
ACKO,TQBR,100,0.02
AFKS,TQBR,100,0.001
AFLT,TQBR,10,0.02
AGRO,TQBR,1,0.2
AKRN,TQBR,1,2.0
ALBK,TQBR,10,0.5
ALNU,TQBR,1,200.0
ALRS,TQBR,10,0.01
AMEZ,TQBR,100,0.005
APTK,TQBR,10,0.002
AQUA,TQBR,10,0.5
ARSA,TQBR,1000,0.01
ASSB,TQBR,1000,0.0005
AVAN,TQBR,1,5.0
BANE,TQBR,1,0.5
BANEP,TQBR,1,0.5
BELU,TQBR,1,1.0
BISV,TQBR,100,0.05
BISVP,TQBR,100,0.01
BLNG,TQBR,100,0.002
BRZL,TQBR,1,1.0
BSPB,TQBR,10,0.01
BSPBP,TQBR,1000,0.0002
CBOM,TQBR,100,0.001
CHEP,TQBR,10,0.5
CHGZ,TQBR,10,0.2
CHKZ,TQBR,1,20.0
CHMF,TQBR,1,0.2
CHMK,TQBR,1,5.0
CNTL,TQBR,100,0.02
CNTLP,TQBR,100,0.02
DERZP,TQBR,1,0.5
DIOD,TQBR,100,0.01
DSKY,TQBR,10,0.02
DVEC,TQBR,1000,0.001
DZRD,TQBR,1,5.0
DZRDP,TQBR,1,10.0
EELT,TQBR,10,0.02
ELTZ,TQBR,1,0.5
ENPG,TQBR,1,0.5
ENRU,TQBR,1000,0.0005
ETLN,TQBR,1,0.02
FEES,TQBR,10000,2e-05
FESH,TQBR,100,0.01
FIVE,TQBR,1,0.5
FIXP,TQBR,1,0.1
FLOT,TQBR,10,0.01
GAZA,TQBR,10,0.5
GAZAP,TQBR,10,0.5
GAZC,TQBR,10,1.0
GAZP,TQBR,10,0.01
GAZS,TQBR,10,1.0
GAZT,TQBR,10,0.5
GCHE,TQBR,1,0.5
GEMA,TQBR,1,0.5
GLTR,TQBR,10,0.05
GMKN,TQBR,1,2.0
GTRK,TQBR,10,0.05
GTSS,TQBR,100000,1e-05
HALS,TQBR,1,1.0
HHRU,TQBR,1,0.2
HIMC,TQBR,1000,0.001
HIMCP,TQBR,100,0.01
HYDR,TQBR,1000,0.0001
IGST,TQBR,1,1.0
IGSTP,TQBR,1,1.0
INGR,TQBR,1,1.0
IRAO,TQBR,100,0.0005
IRGZ,TQBR,100,0.02
IRKT,TQBR,100,0.02
ISKJ,TQBR,100,0.01
JNOS,TQBR,100,0.05
JNOSP,TQBR,100,0.02
KAZT,TQBR,10,0.2
KAZTP,TQBR,10,0.2
KBSB,TQBR,10,0.5
KBTK,TQBR,10,0.2
KCHE,TQBR,10000,0.0005
KCHEP,TQBR,10000,0.001
KGKC,TQBR,10,0.2
KGKCP,TQBR,10,0.2
KLSB,TQBR,100,0.01
KMAZ,TQBR,10,0.1
KMEZ,TQBR,1,0.5
KMTZ,TQBR,10,0.01
KOGK,TQBR,1,200.0
KRKN,TQBR,1,50.0
KRKNP,TQBR,1,20.0
KRKO,TQBR,100,0.05
KRKOP,TQBR,100,0.005
KROT,TQBR,10,0.5
KROTP,TQBR,10,0.5
KRSB,TQBR,100,0.01
KRSBP,TQBR,100,0.02
KSGR,TQBR,10,0.01
KTSB,TQBR,1000,0.002
KTSBP,TQBR,10000,0.0005
KUBE,TQBR,10,0.1
KUNF,TQBR,100,0.001
KUZB,TQBR,10000,1e-05
KZMS,TQBR,10,1.0
KZOS,TQBR,10,0.1
KZOSP,TQBR,10,0.01
LIFE,TQBR,100,0.005
LKOH,TQBR,1,0.5
LNTA,TQBR,1,0.1
LNZL,TQBR,1,10.0
LNZLP,TQBR,1,5.0
LPSB,TQBR,100,0.05
LSNG,TQBR,100,0.01
LSNGP,TQBR,10,0.05
LSRG,TQBR,1,0.2
LVHK,TQBR,100,0.01
MAGE,TQBR,100,0.01
MAGEP,TQBR,100,0.01
MAGN,TQBR,10,0.005
MAIL,TQBR,1,0.2
MDMG,TQBR,10,0.05
MFGS,TQBR,10,0.5
MFGSP,TQBR,10,0.5
MFON,TQBR,1,0.2
MGNT,TQBR,1,0.5
MGNZ,TQBR,1,10.0
MGTS,TQBR,1,5.0
MGTSP,TQBR,1,2.0
MISB,TQBR,100,0.1
MISBP,TQBR,100,0.1
MOBB,TQBR,100,0.002
MOEX,TQBR,10,0.01
MORI,TQBR,1000,0.01
MRKC,TQBR,1000,0.0002
MRKK,TQBR,10,0.02
MRKP,TQBR,10000,0.0001
MRKS,TQBR,10000,0.0005
MRKU,TQBR,10000,0.0002
MRKV,TQBR,10000,5e-05
MRKY,TQBR,10000,5e-05
MRKZ,TQBR,10000,5e-05
MRSB,TQBR,10000,0.001
MSNG,TQBR,1000,0.0005
MSRS,TQBR,1000,0.0005
MSTT,TQBR,10,0.05
MTLR,TQBR,1,0.01
MTLRP,TQBR,10,0.05
MTSS,TQBR,10,0.05
MVID,TQBR,1,0.1
NAUK,TQBR,10,0.2
NFAZ,TQBR,10,0.2
NKHP,TQBR,10,0.5
NKNC,TQBR,10,0.05
NKNCP,TQBR,10,0.02
NKSH,TQBR,100,0.02
NLMK,TQBR,10,0.02
NMTP,TQBR,100,0.005
NNSB,TQBR,1,5.0
NNSBP,TQBR,1,1.0
NPOF,TQBR,1,50.0
NSVZ,TQBR,10,0.5
NVTK,TQBR,1,0.2
OGKB,TQBR,1000,0.0001
OKEY,TQBR,10,0.01
OMZZP,TQBR,1,5.0
ORUP,TQBR,10,0.05
OZON,TQBR,1,0.5
PAZA,TQBR,1,10.0
PHOR,TQBR,1,1.0
PIKK,TQBR,1,0.1
PLZL,TQBR,1,0.5
PMSB,TQBR,10,0.1
PMSBP,TQBR,10,0.2
POGR,TQBR,100,0.005
POLY,TQBR,1,0.1
PRMB,TQBR,1,200.0
QIWI,TQBR,1,0.5
RASP,TQBR,10,0.02
RAVN,TQBR,100,0.05
RBCM,TQBR,100,0.002
RDRB,TQBR,10,2.0
RGSS,TQBR,1000,0.0002
RKKE,TQBR,1,10.0
RNFT,TQBR,1,0.2
ROLO,TQBR,100,0.005
ROSB,TQBR,10,0.2
ROSN,TQBR,10,0.05
ROST,TQBR,10,0.2
RSTI,TQBR,1000,0.0001
RSTIP,TQBR,1000,0.001
RTGZ,TQBR,1,100.0
RTKM,TQBR,10,0.01
RTKMP,TQBR,10,0.05
RTSB,TQBR,1000,0.005
RTSBP,TQBR,10000,0.001
RUAL,TQBR,10,0.005
RUGR,TQBR,10,0.002
RUSI,TQBR,100,0.1
RUSP,TQBR,1000,0.0005
RZSB,TQBR,100,0.02
SAGO,TQBR,1000,0.002
SAGOP,TQBR,10000,0.001
SARE,TQBR,10000,0.0002
SAREP,TQBR,10000,0.0002
SBER,TQBR,10,0.01
SBERP,TQBR,10,0.01
SELG,TQBR,100,0.01
SELGP,TQBR,100,0.05
SFIN,TQBR,10,0.2
SIBN,TQBR,10,0.05
SLEN,TQBR,100,0.005
SMLT,TQBR,1,0.2
SNGS,TQBR,100,0.005
SNGSP,TQBR,100,0.005
STSB,TQBR,1000,0.0005
STSBP,TQBR,1000,0.0005
SVAV,TQBR,10,0.5
TASB,TQBR,10000,0.0005
TASBP,TQBR,10000,0.0005
TATN,TQBR,1,0.1
TATNP,TQBR,1,0.1
TCSG,TQBR,1,0.2
TGKA,TQBR,100000,2e-06
TGKB,TQBR,1000000,5e-06
TGKBP,TQBR,100000,1e-05
TGKD,TQBR,100000,5e-06
TGKDP,TQBR,100000,5e-06
TGKN,TQBR,1000000,1e-05
TNSE,TQBR,1,5.0
TORS,TQBR,10000,0.001
TORSP,TQBR,10000,0.0005
TRCN,TQBR,1,5.0
TRFM,TQBR,10000,2e-05
TRMK,TQBR,10,0.02
TRNFP,TQBR,1,50.0
TTLK,TQBR,10000,0.0005
TUZA,TQBR,10,0.5
UCSS,TQBR,1,10.0
UKUZ,TQBR,1,2.0
UNAC,TQBR,1000,0.0005
UNKL,TQBR,1,10.0
UPRO,TQBR,1000,0.001
URKA,TQBR,10,0.02
URKZ,TQBR,1,20.0
USBN,TQBR,10000,0.0001
UTAR,TQBR,100,0.01
UWGN,TQBR,1,0.1
VGSB,TQBR,1000,0.005
VGSBP,TQBR,1000,0.005
VJGZ,TQBR,1,1.0
VJGZP,TQBR,10,1.0
VLHZ,TQBR,10,0.05
VRSB,TQBR,10,0.2
VRSBP,TQBR,100,0.5
VSMO,TQBR,1,20.0
VSYD,TQBR,1,5.0
VSYDP,TQBR,1,20.0
VTBR,TQBR,10000,5e-06
VZRZ,TQBR,1,1.0
VZRZP,TQBR,10,0.2
WTCM,TQBR,100,0.02
WTCMP,TQBR,100,0.02
YAKG,TQBR,100,0.05
YKEN,TQBR,10000,0.0005
YKENP,TQBR,10000,0.0005
YNDX,TQBR,1,0.2
YRSB,TQBR,10,2.0
YRSBP,TQBR,10,0.5
ZILL,TQBR,1,5.0
ZVEZ,TQBR,1000,0.005
A_SPB,SPBXM,1,0.01
AA_SPB,SPBXM,1,0.01
AAL_SPB,SPBXM,1,0.01
AAN_SPB,SPBXM,1,0.01
AAON_SPB,SPBXM,1,0.01
AAP_SPB,SPBXM,1,0.01
AAPL_SPB,SPBXM,1,0.01
ABBV_SPB,SPBXM,1,0.01
ABC_SPB,SPBXM,1,0.01
ABG_SPB,SPBXM,1,0.01
ABMD_SPB,SPBXM,1,0.01
ABNB_SPB,SPBXM,1,0.01
ABT_SPB,SPBXM,1,0.01
ACAD_SPB,SPBXM,1,0.01
ACH_SPB,SPBXM,1,0.01
ACIW_SPB,SPBXM,1,0.01
ACM_SPB,SPBXM,1,0.01
ACMR_SPB,SPBXM,1,0.01
ACN_SPB,SPBXM,1,0.01
ADBE_SPB,SPBXM,1,0.01
ADI_SPB,SPBXM,1,0.01
ADM_SPB,SPBXM,1,0.01
ADP_SPB,SPBXM,1,0.01
ADPT_SPB,SPBXM,1,0.01
ADS_SPB,SPBXM,1,0.01
ADSK_SPB,SPBXM,1,0.01
ADUS_SPB,SPBXM,1,0.01
AEE_SPB,SPBXM,1,0.01
AEIS_SPB,SPBXM,1,0.01
AEO_SPB,SPBXM,1,0.01
AERI_SPB,SPBXM,1,0.01
AES_SPB,SPBXM,1,0.01
AFG_SPB,SPBXM,1,0.01
AFL_SPB,SPBXM,1,0.01
AGCO_SPB,SPBXM,1,0.01
AGIO_SPB,SPBXM,1,0.01
AIG_SPB,SPBXM,1,0.01
AIN_SPB,SPBXM,1,0.01
AIR_SPB,SPBXM,1,0.01
AIRC_SPB,SPBXM,1,0.01
AIT_SPB,SPBXM,1,0.01
AIV_SPB,SPBXM,1,0.01
AIZ_SPB,SPBXM,1,0.01
AJG_SPB,SPBXM,1,0.01
AJRD_SPB,SPBXM,1,0.01
AKAM_SPB,SPBXM,1,0.01
ALB_SPB,SPBXM,1,0.01
ALE_SPB,SPBXM,1,0.01
ALG_SPB,SPBXM,1,0.01
ALGN_SPB,SPBXM,1,0.01
ALGT_SPB,SPBXM,1,0.01
ALK_SPB,SPBXM,1,0.01
ALL_SPB,SPBXM,1,0.01
ALLE_SPB,SPBXM,1,0.01
ALLK_SPB,SPBXM,1,0.01
ALLO_SPB,SPBXM,1,0.01
ALLY_SPB,SPBXM,1,0.01
ALNY_SPB,SPBXM,1,0.01
ALRM_SPB,SPBXM,1,0.01
ALSN_SPB,SPBXM,1,0.01
ALTR_SPB,SPBXM,1,0.01
ALV_SPB,SPBXM,1,0.01
ALXN_SPB,SPBXM,1,0.01
AMAT_SPB,SPBXM,1,0.01
AMCX_SPB,SPBXM,1,0.01
AMD_SPB,SPBXM,1,0.01
AME_SPB,SPBXM,1,0.01
AMED_SPB,SPBXM,1,0.01
AMG_SPB,SPBXM,1,0.01
AMGN_SPB,SPBXM,1,0.01
AMN_SPB,SPBXM,1,0.01
AMP_SPB,SPBXM,1,0.01
AMSF_SPB,SPBXM,1,0.01
AMT_SPB,SPBXM,1,0.01
AMWD_SPB,SPBXM,1,0.01
AMZN_SPB,SPBXM,1,0.01
AN_SPB,SPBXM,1,0.01
ANAB_SPB,SPBXM,1,0.01
ANDE_SPB,SPBXM,1,0.01
ANET_SPB,SPBXM,1,0.01
ANF_SPB,SPBXM,1,0.01
ANGI_SPB,SPBXM,1,0.01
ANIK_SPB,SPBXM,1,0.01
ANIP_SPB,SPBXM,1,0.01
ANSS_SPB,SPBXM,1,0.01
ANTM_SPB,SPBXM,1,0.01
AON_SPB,SPBXM,1,0.01
AOS_SPB,SPBXM,1,0.01
AOUT_SPB,SPBXM,1,0.01
APA_SPB,SPBXM,1,0.01
APD_SPB,SPBXM,1,0.01
APEI_SPB,SPBXM,1,0.01
APH_SPB,SPBXM,1,0.01
APLE_SPB,SPBXM,1,0.01
APLT_SPB,SPBXM,1,0.01
APPF_SPB,SPBXM,1,0.01
APPN_SPB,SPBXM,1,0.01
APPS_SPB,SPBXM,1,0.01
APTV_SPB,SPBXM,1,0.01
ARCC_SPB,SPBXM,1,0.01
ARCT_SPB,SPBXM,1,0.01
ARE_SPB,SPBXM,1,0.01
ARMK_SPB,SPBXM,1,0.01
ARNA_SPB,SPBXM,1,0.01
ARNC_SPB,SPBXM,1,0.01
ARQT_SPB,SPBXM,1,0.01
ARVN_SPB,SPBXM,1,0.01
ARW_SPB,SPBXM,1,0.01
ARWR_SPB,SPBXM,1,0.01
ASGN_SPB,SPBXM,1,0.01
ASH_SPB,SPBXM,1,0.01
ASIX_SPB,SPBXM,1,0.01
ATEX_SPB,SPBXM,1,0.01
ATGE_SPB,SPBXM,1,0.01
ATKR_SPB,SPBXM,1,0.01
ATNI_SPB,SPBXM,1,0.01
ATR_SPB,SPBXM,1,0.01
ATRA_SPB,SPBXM,1,0.01
ATRC_SPB,SPBXM,1,0.01
ATRI_SPB,SPBXM,1,0.01
ATRO_SPB,SPBXM,1,0.01
ATUS_SPB,SPBXM,1,0.01
ATVI_SPB,SPBXM,1,0.01
AVA_SPB,SPBXM,1,0.01
AVAV_SPB,SPBXM,1,0.01
AVB_SPB,SPBXM,1,0.01
AVGO_SPB,SPBXM,1,0.01
AVLR_SPB,SPBXM,1,0.01
AVNS_SPB,SPBXM,1,0.01
AVNT_SPB,SPBXM,1,0.01
AVT_SPB,SPBXM,1,0.01
AVTR_SPB,SPBXM,1,0.01
AVY_SPB,SPBXM,1,0.01
AWI_SPB,SPBXM,1,0.01
AWK_SPB,SPBXM,1,0.01
AWR_SPB,SPBXM,1,0.01
AX_SPB,SPBXM,1,0.01
AXGN_SPB,SPBXM,1,0.01
AXON_SPB,SPBXM,1,0.01
AXP_SPB,SPBXM,1,0.01
AXSM_SPB,SPBXM,1,0.01
AYI_SPB,SPBXM,1,0.01
AYX_SPB,SPBXM,1,0.01
AZO_SPB,SPBXM,1,0.01
AZPN_SPB,SPBXM,1,0.01
BA_SPB,SPBXM,1,0.01
BABA_SPB,SPBXM,1,0.01
BAC_SPB,SPBXM,1,0.01
BAH_SPB,SPBXM,1,0.01
BAND_SPB,SPBXM,1,0.01
BAX_SPB,SPBXM,1,0.01
BBBY_SPB,SPBXM,1,0.01
BBIO_SPB,SPBXM,1,0.01
BBSI_SPB,SPBXM,1,0.01
BBY_SPB,SPBXM,1,0.01
BC_SPB,SPBXM,1,0.01
BCO_SPB,SPBXM,1,0.01
BCPC_SPB,SPBXM,1,0.01
BDC_SPB,SPBXM,1,0.01
BDTX_SPB,SPBXM,1,0.01
BDX_SPB,SPBXM,1,0.01
BECN_SPB,SPBXM,1,0.01
BEN_SPB,SPBXM,1,0.01
BERY_SPB,SPBXM,1,0.01
BF.B_SPB,SPBXM,1,0.01
BFAM_SPB,SPBXM,1,0.01
BGS_SPB,SPBXM,1,0.01
BH_SPB,SPBXM,1,0.01
BHF_SPB,SPBXM,1,0.01
BIDU_SPB,SPBXM,1,0.01
BIG_SPB,SPBXM,1,0.01
BIIB_SPB,SPBXM,1,0.01
BILI_SPB,SPBXM,1,0.01
BILL_SPB,SPBXM,1,0.01
BIO_SPB,SPBXM,1,0.01
BJ_SPB,SPBXM,1,0.01
BJRI_SPB,SPBXM,1,0.01
BK_SPB,SPBXM,1,0.01
BKI_SPB,SPBXM,1,0.01
BKNG_SPB,SPBXM,1,0.01
BKR_SPB,SPBXM,1,0.01
BKU_SPB,SPBXM,1,0.01
BL_SPB,SPBXM,1,0.01
BLD_SPB,SPBXM,1,0.01
BLDR_SPB,SPBXM,1,0.01
BLK_SPB,SPBXM,1,0.01
BLKB_SPB,SPBXM,1,0.01
BLL_SPB,SPBXM,1,0.01
BLMN_SPB,SPBXM,1,0.01
BLUE_SPB,SPBXM,1,0.01
BMI_SPB,SPBXM,1,0.01
BMRN_SPB,SPBXM,1,0.01
BMY_SPB,SPBXM,1,0.01
BOH_SPB,SPBXM,1,0.01
BOKF_SPB,SPBXM,1,0.01
BOOT_SPB,SPBXM,1,0.01
BOX_SPB,SPBXM,1,0.01
BPMC_SPB,SPBXM,1,0.01
BR_SPB,SPBXM,1,0.01
BRC_SPB,SPBXM,1,0.01
BRK.A_SPB,SPBXM,1,0.01
BRK.B_SPB,SPBXM,1,0.01
BRKR_SPB,SPBXM,1,0.01
BRKS_SPB,SPBXM,1,0.01
BRO_SPB,SPBXM,1,0.01
BRX_SPB,SPBXM,1,0.01
BSX_SPB,SPBXM,1,0.01
BTAI_SPB,SPBXM,1,0.01
BTI_SPB,SPBXM,1,0.01
BUD_SPB,SPBXM,1,0.01
BURL_SPB,SPBXM,1,0.01
BWA_SPB,SPBXM,1,0.01
BWXT_SPB,SPBXM,1,0.01
BX_SPB,SPBXM,1,0.01
BXP_SPB,SPBXM,1,0.01
BYND_SPB,SPBXM,1,0.01
BZUN_SPB,SPBXM,1,0.01
C_SPB,SPBXM,1,0.01
CABO_SPB,SPBXM,1,0.01
CACC_SPB,SPBXM,1,0.01
CAG_SPB,SPBXM,1,0.01
CAH_SPB,SPBXM,1,0.01
CALM_SPB,SPBXM,1,0.01
CARA_SPB,SPBXM,1,0.01
CARG_SPB,SPBXM,1,0.01
CARR_SPB,SPBXM,1,0.01
CARS_SPB,SPBXM,1,0.01
CASY_SPB,SPBXM,1,0.01
CAT_SPB,SPBXM,1,0.01
CB_SPB,SPBXM,1,0.01
CBPO_SPB,SPBXM,1,0.01
CBRE_SPB,SPBXM,1,0.01
CBRL_SPB,SPBXM,1,0.01
CBSH_SPB,SPBXM,1,0.01
CBU_SPB,SPBXM,1,0.01
CC_SPB,SPBXM,1,0.01
CCI_SPB,SPBXM,1,0.01
CCK_SPB,SPBXM,1,0.01
CCL_SPB,SPBXM,1,0.01
CCMP_SPB,SPBXM,1,0.01
CCOI_SPB,SPBXM,1,0.01
CCXI_SPB,SPBXM,1,0.01
CDK_SPB,SPBXM,1,0.01
CDLX_SPB,SPBXM,1,0.01
CDNA_SPB,SPBXM,1,0.01
CDNS_SPB,SPBXM,1,0.01
CDW_SPB,SPBXM,1,0.01
CE_SPB,SPBXM,1,0.01
CEA_SPB,SPBXM,1,0.01
CENT_SPB,SPBXM,1,0.01
CENTA_SPB,SPBXM,1,0.01
CERN_SPB,SPBXM,1,0.01
CEVA_SPB,SPBXM,1,0.01
CF_SPB,SPBXM,1,0.01
CFG_SPB,SPBXM,1,0.01
CFR_SPB,SPBXM,1,0.01
CFX_SPB,SPBXM,1,0.01
CGEN_SPB,SPBXM,1,0.01
CGNT_SPB,SPBXM,1,0.01
CGNX_SPB,SPBXM,1,0.01
CHA_SPB,SPBXM,1,0.01
CHCO_SPB,SPBXM,1,0.01
CHD_SPB,SPBXM,1,0.01
CHDN_SPB,SPBXM,1,0.01
CHE_SPB,SPBXM,1,0.01
CHEF_SPB,SPBXM,1,0.01
CHGG_SPB,SPBXM,1,0.01
CHH_SPB,SPBXM,1,0.01
CHKP_SPB,SPBXM,1,0.01
CHL_SPB,SPBXM,1,0.01
CHNG_SPB,SPBXM,1,0.01
CHRW_SPB,SPBXM,1,0.01
CHTR_SPB,SPBXM,1,0.01
CHWY_SPB,SPBXM,1,0.01
CHX_SPB,SPBXM,1,0.01
CI_SPB,SPBXM,1,0.01
CIEN_SPB,SPBXM,1,0.01
CINF_SPB,SPBXM,1,0.01
CL_SPB,SPBXM,1,0.01
CLDR_SPB,SPBXM,1,0.01
CLDT_SPB,SPBXM,1,0.01
CLF_SPB,SPBXM,1,0.01
CLGX_SPB,SPBXM,1,0.01
CLH_SPB,SPBXM,1,0.01
CLR_SPB,SPBXM,1,0.01
CLX_SPB,SPBXM,1,0.01
CMA_SPB,SPBXM,1,0.01
CMC_SPB,SPBXM,1,0.01
CMCO_SPB,SPBXM,1,0.01
CMCSA_SPB,SPBXM,1,0.01
CMD_SPB,SPBXM,1,0.01
CME_SPB,SPBXM,1,0.01
CMG_SPB,SPBXM,1,0.01
CMI_SPB,SPBXM,1,0.01
CMP_SPB,SPBXM,1,0.01
CMS_SPB,SPBXM,1,0.01
CNC_SPB,SPBXM,1,0.01
CNK_SPB,SPBXM,1,0.01
CNMD_SPB,SPBXM,1,0.01
CNP_SPB,SPBXM,1,0.01
CNS_SPB,SPBXM,1,0.01
CNST_SPB,SPBXM,1,0.01
CNX_SPB,SPBXM,1,0.01
CNXC_SPB,SPBXM,1,0.01
CNXN_SPB,SPBXM,1,0.01
COF_SPB,SPBXM,1,0.01
COFS_SPB,SPBXM,1,0.01
COG_SPB,SPBXM,1,0.01
COHR_SPB,SPBXM,1,0.01
COKE_SPB,SPBXM,1,0.01
COLD_SPB,SPBXM,1,0.01
COLM_SPB,SPBXM,1,0.01
CONE_SPB,SPBXM,1,0.01
COO_SPB,SPBXM,1,0.01
COP_SPB,SPBXM,1,0.01
COR_SPB,SPBXM,1,0.01
CORR_SPB,SPBXM,1,0.01
CORT_SPB,SPBXM,1,0.01
COST_SPB,SPBXM,1,0.01
COTY_SPB,SPBXM,1,0.01
COUP_SPB,SPBXM,1,0.01
CPB_SPB,SPBXM,1,0.01
CPRI_SPB,SPBXM,1,0.01
CPRT_SPB,SPBXM,1,0.01
CPS_SPB,SPBXM,1,0.01
CR_SPB,SPBXM,1,0.01
CREE_SPB,SPBXM,1,0.01
CRI_SPB,SPBXM,1,0.01
CRL_SPB,SPBXM,1,0.01
CRM_SPB,SPBXM,1,0.01
CRMT_SPB,SPBXM,1,0.01
CROX_SPB,SPBXM,1,0.01
CRS_SPB,SPBXM,1,0.01
CRTX_SPB,SPBXM,1,0.01
CRUS_SPB,SPBXM,1,0.01
CRVL_SPB,SPBXM,1,0.01
CRWD_SPB,SPBXM,1,0.01
CSCO_SPB,SPBXM,1,0.01
CSGP_SPB,SPBXM,1,0.01
CSGS_SPB,SPBXM,1,0.01
CSII_SPB,SPBXM,1,0.01
CSL_SPB,SPBXM,1,0.01
CSOD_SPB,SPBXM,1,0.01
CSWI_SPB,SPBXM,1,0.01
CSX_SPB,SPBXM,1,0.01
CTAS_SPB,SPBXM,1,0.01
CTB_SPB,SPBXM,1,0.01
CTLT_SPB,SPBXM,1,0.01
CTSH_SPB,SPBXM,1,0.01
CTVA_SPB,SPBXM,1,0.01
CTXS_SPB,SPBXM,1,0.01
CVCO_SPB,SPBXM,1,0.01
CVET_SPB,SPBXM,1,0.01
CVGW_SPB,SPBXM,1,0.01
CVLT_SPB,SPBXM,1,0.01
CVNA_SPB,SPBXM,1,0.01
CVS_SPB,SPBXM,1,0.01
CVX_SPB,SPBXM,1,0.01
CW_SPB,SPBXM,1,0.01
CWST_SPB,SPBXM,1,0.01
CWT_SPB,SPBXM,1,0.01
D_SPB,SPBXM,1,0.01
DAL_SPB,SPBXM,1,0.01
DAR_SPB,SPBXM,1,0.01
DASH_SPB,SPBXM,1,0.01
DBX_SPB,SPBXM,1,0.01
DCI_SPB,SPBXM,1,0.01
DCPH_SPB,SPBXM,1,0.01
DD_SPB,SPBXM,1,0.01
DDOG_SPB,SPBXM,1,0.01
DDS_SPB,SPBXM,1,0.01
DE_SPB,SPBXM,1,0.01
DECK_SPB,SPBXM,1,0.01
DELL_SPB,SPBXM,1,0.01
DFS_SPB,SPBXM,1,0.01
DG_SPB,SPBXM,1,0.01
DGX_SPB,SPBXM,1,0.01
DHI_SPB,SPBXM,1,0.01
DHR_SPB,SPBXM,1,0.01
DIOD_SPB,SPBXM,1,0.01
DIS_SPB,SPBXM,1,0.01
DISCA_SPB,SPBXM,1,0.01
DISCB_SPB,SPBXM,1,0.01
DISCK_SPB,SPBXM,1,0.01
DISH_SPB,SPBXM,1,0.01
DK_SPB,SPBXM,1,0.01
DKNG_SPB,SPBXM,1,0.01
DKS_SPB,SPBXM,1,0.01
DLB_SPB,SPBXM,1,0.01
DLR_SPB,SPBXM,1,0.01
DLTH_SPB,SPBXM,1,0.01
DLTR_SPB,SPBXM,1,0.01
DLX_SPB,SPBXM,1,0.01
DNLI_SPB,SPBXM,1,0.01
DNOW_SPB,SPBXM,1,0.01
DOCU_SPB,SPBXM,1,0.01
DORM_SPB,SPBXM,1,0.01
DOV_SPB,SPBXM,1,0.01
DOW_SPB,SPBXM,1,0.01
DPZ_SPB,SPBXM,1,0.01
DRE_SPB,SPBXM,1,0.01
DRI_SPB,SPBXM,1,0.01
DRNA_SPB,SPBXM,1,0.01
DRQ_SPB,SPBXM,1,0.01
DT_SPB,SPBXM,1,0.01
DVA_SPB,SPBXM,1,0.01
DVN_SPB,SPBXM,1,0.01
DXC_SPB,SPBXM,1,0.01
DXCM_SPB,SPBXM,1,0.01
DY_SPB,SPBXM,1,0.01
EA_SPB,SPBXM,1,0.01
EAT_SPB,SPBXM,1,0.01
EBAY_SPB,SPBXM,1,0.01
EBS_SPB,SPBXM,1,0.01
ECHO_SPB,SPBXM,1,0.01
ECL_SPB,SPBXM,1,0.01
ECPG_SPB,SPBXM,1,0.01
ED_SPB,SPBXM,1,0.01
EDIT_SPB,SPBXM,1,0.01
EEFT_SPB,SPBXM,1,0.01
EFX_SPB,SPBXM,1,0.01
EGHT_SPB,SPBXM,1,0.01
EGP_SPB,SPBXM,1,0.01
EGRX_SPB,SPBXM,1,0.01
EHTH_SPB,SPBXM,1,0.01
EIX_SPB,SPBXM,1,0.01
EL_SPB,SPBXM,1,0.01
ELAN_SPB,SPBXM,1,0.01
ELS_SPB,SPBXM,1,0.01
EME_SPB,SPBXM,1,0.01
EMN_SPB,SPBXM,1,0.01
EMR_SPB,SPBXM,1,0.01
ENDP_SPB,SPBXM,1,0.01
ENPH_SPB,SPBXM,1,0.01
ENR_SPB,SPBXM,1,0.01
ENS_SPB,SPBXM,1,0.01
ENSG_SPB,SPBXM,1,0.01
ENTA_SPB,SPBXM,1,0.01
ENTG_SPB,SPBXM,1,0.01
ENV_SPB,SPBXM,1,0.01
EOG_SPB,SPBXM,1,0.01
EPAM_SPB,SPBXM,1,0.01
EPAY_SPB,SPBXM,1,0.01
EPC_SPB,SPBXM,1,0.01
EQIX_SPB,SPBXM,1,0.01
EQT_SPB,SPBXM,1,0.01
ERIE_SPB,SPBXM,1,0.01
ES_SPB,SPBXM,1,0.01
ESE_SPB,SPBXM,1,0.01
ESPR_SPB,SPBXM,1,0.01
ESS_SPB,SPBXM,1,0.01
ET_SPB,SPBXM,1,0.01
ETN_SPB,SPBXM,1,0.01
ETR_SPB,SPBXM,1,0.01
ETRN_SPB,SPBXM,1,0.01
ETSY_SPB,SPBXM,1,0.01
EVBG_SPB,SPBXM,1,0.01
EVER_SPB,SPBXM,1,0.01
EVH_SPB,SPBXM,1,0.01
EVR_SPB,SPBXM,1,0.01
EVRG_SPB,SPBXM,1,0.01
EW_SPB,SPBXM,1,0.01
EWBC_SPB,SPBXM,1,0.01
EXAS_SPB,SPBXM,1,0.01
EXC_SPB,SPBXM,1,0.01
EXEL_SPB,SPBXM,1,0.01
EXLS_SPB,SPBXM,1,0.01
EXP_SPB,SPBXM,1,0.01
EXPD_SPB,SPBXM,1,0.01
EXPE_SPB,SPBXM,1,0.01
EXPO_SPB,SPBXM,1,0.01
EXR_SPB,SPBXM,1,0.01
EYE_SPB,SPBXM,1,0.01
F_SPB,SPBXM,1,0.01
FANG_SPB,SPBXM,1,0.01
FARO_SPB,SPBXM,1,0.01
FAST_SPB,SPBXM,1,0.01
FATE_SPB,SPBXM,1,0.01
FB_SPB,SPBXM,1,0.01
FBHS_SPB,SPBXM,1,0.01
FCFS_SPB,SPBXM,1,0.01
FCN_SPB,SPBXM,1,0.01
FCNCA_SPB,SPBXM,1,0.01
FCX_SPB,SPBXM,1,0.01
FDS_SPB,SPBXM,1,0.01
FDX_SPB,SPBXM,1,0.01
FELE_SPB,SPBXM,1,0.01
FFIN_SPB,SPBXM,1,0.01
FFIV_SPB,SPBXM,1,0.01
FGEN_SPB,SPBXM,1,0.01
FICO_SPB,SPBXM,1,0.01
FIS_SPB,SPBXM,1,0.01
FISV_SPB,SPBXM,1,0.01
FITB_SPB,SPBXM,1,0.01
FIVE_SPB,SPBXM,1,0.01
FIVN_SPB,SPBXM,1,0.01
FIXP_SPB,SPBXM,1,0.01
FIZZ_SPB,SPBXM,1,0.01
FL_SPB,SPBXM,1,0.01
FLIR_SPB,SPBXM,1,0.01
FLO_SPB,SPBXM,1,0.01
FLOW_SPB,SPBXM,1,0.01
FLR_SPB,SPBXM,1,0.01
FLS_SPB,SPBXM,1,0.01
FLT_SPB,SPBXM,1,0.01
FLWS_SPB,SPBXM,1,0.01
FMC_SPB,SPBXM,1,0.01
FND_SPB,SPBXM,1,0.01
FNF_SPB,SPBXM,1,0.01
FNKO_SPB,SPBXM,1,0.01
FOCS_SPB,SPBXM,1,0.01
FOE_SPB,SPBXM,1,0.01
FOLD_SPB,SPBXM,1,0.01
FORM_SPB,SPBXM,1,0.01
FORR_SPB,SPBXM,1,0.01
FOX_SPB,SPBXM,1,0.01
FOXA_SPB,SPBXM,1,0.01
FOXF_SPB,SPBXM,1,0.01
FRHC_SPB,SPBXM,1,0.01
FRPH_SPB,SPBXM,1,0.01
FRPT_SPB,SPBXM,1,0.01
FSLR_SPB,SPBXM,1,0.01
FSLY_SPB,SPBXM,1,0.01
FTCH_SPB,SPBXM,1,0.01
FTDR_SPB,SPBXM,1,0.01
FTI_SPB,SPBXM,1,0.01
FTNT_SPB,SPBXM,1,0.01
FTV_SPB,SPBXM,1,0.01
FUL_SPB,SPBXM,1,0.01
FWRD_SPB,SPBXM,1,0.01
GATX_SPB,SPBXM,1,0.01
GBCI_SPB,SPBXM,1,0.01
GBT_SPB,SPBXM,1,0.01
GBX_SPB,SPBXM,1,0.01
GCO_SPB,SPBXM,1,0.01
GCP_SPB,SPBXM,1,0.01
GD_SPB,SPBXM,1,0.01
GDDY_SPB,SPBXM,1,0.01
GDOT_SPB,SPBXM,1,0.01
GE_SPB,SPBXM,1,0.01
GEF_SPB,SPBXM,1,0.01
GGG_SPB,SPBXM,1,0.01
GH_SPB,SPBXM,1,0.01
GHC_SPB,SPBXM,1,0.01
GILD_SPB,SPBXM,1,0.01
GIS_SPB,SPBXM,1,0.01
GKOS_SPB,SPBXM,1,0.01
GL_SPB,SPBXM,1,0.01
GLPI_SPB,SPBXM,1,0.01
GLW_SPB,SPBXM,1,0.01
GM_SPB,SPBXM,1,0.01
GMED_SPB,SPBXM,1,0.01
GMS_SPB,SPBXM,1,0.01
GNL_SPB,SPBXM,1,0.01
GNRC_SPB,SPBXM,1,0.01
GNTX_SPB,SPBXM,1,0.01
GO_SPB,SPBXM,1,0.01
GOOG_SPB,SPBXM,1,0.01
GOOGL_SPB,SPBXM,1,0.01
GOSS_SPB,SPBXM,1,0.01
GPC_SPB,SPBXM,1,0.01
GPI_SPB,SPBXM,1,0.01
GPN_SPB,SPBXM,1,0.01
GPS_SPB,SPBXM,1,0.01
GRA_SPB,SPBXM,1,0.01
GRMN_SPB,SPBXM,1,0.01
GRUB_SPB,SPBXM,1,0.01
GS_SPB,SPBXM,1,0.01
GSHD_SPB,SPBXM,1,0.01
GSKY_SPB,SPBXM,1,0.01
GT_SPB,SPBXM,1,0.01
GTHX_SPB,SPBXM,1,0.01
GTLS_SPB,SPBXM,1,0.01
GTN_SPB,SPBXM,1,0.01
GVA_SPB,SPBXM,1,0.01
GWRE_SPB,SPBXM,1,0.01
GWW_SPB,SPBXM,1,0.01
H_SPB,SPBXM,1,0.01
HA_SPB,SPBXM,1,0.01
HAE_SPB,SPBXM,1,0.01
HAIN_SPB,SPBXM,1,0.01
HAL_SPB,SPBXM,1,0.01
HALO_SPB,SPBXM,1,0.01
HAS_SPB,SPBXM,1,0.01
HBAN_SPB,SPBXM,1,0.01
HBI_SPB,SPBXM,1,0.01
HCA_SPB,SPBXM,1,0.01
HCCI_SPB,SPBXM,1,0.01
HCSG_SPB,SPBXM,1,0.01
HD_SPB,SPBXM,1,0.01
HE_SPB,SPBXM,1,0.01
HEAR_SPB,SPBXM,1,0.01
HEI_SPB,SPBXM,1,0.01
HES_SPB,SPBXM,1,0.01
HFC_SPB,SPBXM,1,0.01
HGV_SPB,SPBXM,1,0.01
HHC_SPB,SPBXM,1,0.01
HHR_SPB,SPBXM,1,0.01
HIBB_SPB,SPBXM,1,0.01
HIG_SPB,SPBXM,1,0.01
HII_SPB,SPBXM,1,0.01
HLI_SPB,SPBXM,1,0.01
HLNE_SPB,SPBXM,1,0.01
HLT_SPB,SPBXM,1,0.01
HNP_SPB,SPBXM,1,0.01
HOG_SPB,SPBXM,1,0.01
HOLX_SPB,SPBXM,1,0.01
HON_SPB,SPBXM,1,0.01
HP_SPB,SPBXM,1,0.01
HPE_SPB,SPBXM,1,0.01
HPQ_SPB,SPBXM,1,0.01
HQY_SPB,SPBXM,1,0.01
HRB_SPB,SPBXM,1,0.01
HRC_SPB,SPBXM,1,0.01
HRL_SPB,SPBXM,1,0.01
HRTX_SPB,SPBXM,1,0.01
HSC_SPB,SPBXM,1,0.01
HSIC_SPB,SPBXM,1,0.01
HSKA_SPB,SPBXM,1,0.01
HST_SPB,SPBXM,1,0.01
HSY_SPB,SPBXM,1,0.01
HTA_SPB,SPBXM,1,0.01
HTHT_SPB,SPBXM,1,0.01
HUBB_SPB,SPBXM,1,0.01
HUBG_SPB,SPBXM,1,0.01
HUBS_SPB,SPBXM,1,0.01
HUM_SPB,SPBXM,1,0.01
HURN_SPB,SPBXM,1,0.01
HWM_SPB,SPBXM,1,0.01
HXL_SPB,SPBXM,1,0.01
IAA_SPB,SPBXM,1,0.01
IAC_SPB,SPBXM,1,0.01
IART_SPB,SPBXM,1,0.01
IBKR_SPB,SPBXM,1,0.01
IBM_SPB,SPBXM,1,0.01
IBN_SPB,SPBXM,1,0.01
IBP_SPB,SPBXM,1,0.01
IBTX_SPB,SPBXM,1,0.01
ICE_SPB,SPBXM,1,0.01
ICFI_SPB,SPBXM,1,0.01
ICPT_SPB,SPBXM,1,0.01
ICUI_SPB,SPBXM,1,0.01
IDA_SPB,SPBXM,1,0.01
IDCC_SPB,SPBXM,1,0.01
IDXX_SPB,SPBXM,1,0.01
IEX_SPB,SPBXM,1,0.01
IFF_SPB,SPBXM,1,0.01
IGMS_SPB,SPBXM,1,0.01
IIPR_SPB,SPBXM,1,0.01
IIVI_SPB,SPBXM,1,0.01
ILMN_SPB,SPBXM,1,0.01
INCY_SPB,SPBXM,1,0.01
INDB_SPB,SPBXM,1,0.01
INFO_SPB,SPBXM,1,0.01
INGN_SPB,SPBXM,1,0.01
INGR_SPB,SPBXM,1,0.01
INMD_SPB,SPBXM,1,0.01
INSP_SPB,SPBXM,1,0.01
INTC_SPB,SPBXM,1,0.01
INTU_SPB,SPBXM,1,0.01
INVH_SPB,SPBXM,1,0.01
IONS_SPB,SPBXM,1,0.01
IOSP_SPB,SPBXM,1,0.01
IOVA_SPB,SPBXM,1,0.01
IP_SPB,SPBXM,1,0.01
IPAR_SPB,SPBXM,1,0.01
IPG_SPB,SPBXM,1,0.01
IPGP_SPB,SPBXM,1,0.01
IPHI_SPB,SPBXM,1,0.01
IQV_SPB,SPBXM,1,0.01
IR_SPB,SPBXM,1,0.01
IRBT_SPB,SPBXM,1,0.01
IRDM_SPB,SPBXM,1,0.01
IRM_SPB,SPBXM,1,0.01
IRTC_SPB,SPBXM,1,0.01
ISRG_SPB,SPBXM,1,0.01
IT_SPB,SPBXM,1,0.01
ITCI_SPB,SPBXM,1,0.01
ITGR_SPB,SPBXM,1,0.01
ITRI_SPB,SPBXM,1,0.01
ITT_SPB,SPBXM,1,0.01
ITW_SPB,SPBXM,1,0.01
IVZ_SPB,SPBXM,1,0.01
J_SPB,SPBXM,1,0.01
JACK_SPB,SPBXM,1,0.01
JBHT_SPB,SPBXM,1,0.01
JBL_SPB,SPBXM,1,0.01
JBSS_SPB,SPBXM,1,0.01
JBT_SPB,SPBXM,1,0.01
JCI_SPB,SPBXM,1,0.01
JCOM_SPB,SPBXM,1,0.01
JD_SPB,SPBXM,1,0.01
JEF_SPB,SPBXM,1,0.01
JELD_SPB,SPBXM,1,0.01
JJSF_SPB,SPBXM,1,0.01
JKHY_SPB,SPBXM,1,0.01
JLL_SPB,SPBXM,1,0.01
JNJ_SPB,SPBXM,1,0.01
JNPR_SPB,SPBXM,1,0.01
JOBS_SPB,SPBXM,1,0.01
JOUT_SPB,SPBXM,1,0.01
JPM_SPB,SPBXM,1,0.01
JWN_SPB,SPBXM,1,0.01
K_SPB,SPBXM,1,0.01
KAI_SPB,SPBXM,1,0.01
KALU_SPB,SPBXM,1,0.01
KBH_SPB,SPBXM,1,0.01
KDP_SPB,SPBXM,1,0.01
KEP_SPB,SPBXM,1,0.01
KEX_SPB,SPBXM,1,0.01
KEY_SPB,SPBXM,1,0.01
KEYS_SPB,SPBXM,1,0.01
KFY_SPB,SPBXM,1,0.01
KHC_SPB,SPBXM,1,0.01
KIDS_SPB,SPBXM,1,0.01
KIM_SPB,SPBXM,1,0.01
KKR_SPB,SPBXM,1,0.01
KLAC_SPB,SPBXM,1,0.01
KMB_SPB,SPBXM,1,0.01
KMI_SPB,SPBXM,1,0.01
KMPR_SPB,SPBXM,1,0.01
KMT_SPB,SPBXM,1,0.01
KMX_SPB,SPBXM,1,0.01
KNSL_SPB,SPBXM,1,0.01
KNX_SPB,SPBXM,1,0.01
KO_SPB,SPBXM,1,0.01
KOD_SPB,SPBXM,1,0.01
KR_SPB,SPBXM,1,0.01
KRG_SPB,SPBXM,1,0.01
KRTX_SPB,SPBXM,1,0.01
KRYS_SPB,SPBXM,1,0.01
KSU_SPB,SPBXM,1,0.01
KTB_SPB,SPBXM,1,0.01
KWR_SPB,SPBXM,1,0.01
L_SPB,SPBXM,1,0.01
LAD_SPB,SPBXM,1,0.01
LANC_SPB,SPBXM,1,0.01
LASR_SPB,SPBXM,1,0.01
LB_SPB,SPBXM,1,0.01
LBRDK_SPB,SPBXM,1,0.01
LCII_SPB,SPBXM,1,0.01
LDOS_SPB,SPBXM,1,0.01
LEA_SPB,SPBXM,1,0.01
LECO_SPB,SPBXM,1,0.01
LEG_SPB,SPBXM,1,0.01
LEGH_SPB,SPBXM,1,0.01
LEN_SPB,SPBXM,1,0.01
LEVI_SPB,SPBXM,1,0.01
LFC_SPB,SPBXM,1,0.01
LFUS_SPB,SPBXM,1,0.01
LGIH_SPB,SPBXM,1,0.01
LGND_SPB,SPBXM,1,0.01
LH_SPB,SPBXM,1,0.01
LHCG_SPB,SPBXM,1,0.01
LHX_SPB,SPBXM,1,0.01
LII_SPB,SPBXM,1,0.01
LIN_SPB,SPBXM,1,0.01
LITE_SPB,SPBXM,1,0.01
LKQ_SPB,SPBXM,1,0.01
LLY_SPB,SPBXM,1,0.01
LMT_SPB,SPBXM,1,0.01
LNN_SPB,SPBXM,1,0.01
LNT_SPB,SPBXM,1,0.01
LNTH_SPB,SPBXM,1,0.01
LOPE_SPB,SPBXM,1,0.01
LOW_SPB,SPBXM,1,0.01
LPL_SPB,SPBXM,1,0.01
LPLA_SPB,SPBXM,1,0.01
LPSN_SPB,SPBXM,1,0.01
LPX_SPB,SPBXM,1,0.01
LRCX_SPB,SPBXM,1,0.01
LRN_SPB,SPBXM,1,0.01
LSCC_SPB,SPBXM,1,0.01
LSTR_SPB,SPBXM,1,0.01
LTHM_SPB,SPBXM,1,0.01
LULU_SPB,SPBXM,1,0.01
LUMN_SPB,SPBXM,1,0.01
LUV_SPB,SPBXM,1,0.01
LVS_SPB,SPBXM,1,0.01
LW_SPB,SPBXM,1,0.01
LYB_SPB,SPBXM,1,0.01
LYFT_SPB,SPBXM,1,0.01
LYV_SPB,SPBXM,1,0.01
M_SPB,SPBXM,1,0.01
MA_SPB,SPBXM,1,0.01
MAA_SPB,SPBXM,1,0.01
MAC_SPB,SPBXM,1,0.01
MAN_SPB,SPBXM,1,0.01
MANH_SPB,SPBXM,1,0.01
MANT_SPB,SPBXM,1,0.01
MANU_SPB,SPBXM,1,0.01
MAR_SPB,SPBXM,1,0.01
MAS_SPB,SPBXM,1,0.01
MASI_SPB,SPBXM,1,0.01
MAT_SPB,SPBXM,1,0.01
MATX_SPB,SPBXM,1,0.01
MBT_SPB,SPBXM,1,0.01
MBUU_SPB,SPBXM,1,0.01
MC_SPB,SPBXM,1,0.01
MCD_SPB,SPBXM,1,0.01
MCHP_SPB,SPBXM,1,0.01
MCK_SPB,SPBXM,1,0.01
MCO_SPB,SPBXM,1,0.01
MCRI_SPB,SPBXM,1,0.01
MD_SPB,SPBXM,1,0.01
MDB_SPB,SPBXM,1,0.01
MDGL_SPB,SPBXM,1,0.01
MDLA_SPB,SPBXM,1,0.01
MDLZ_SPB,SPBXM,1,0.01
MDRX_SPB,SPBXM,1,0.01
MDT_SPB,SPBXM,1,0.01
MDU_SPB,SPBXM,1,0.01
MED_SPB,SPBXM,1,0.01
MEDP_SPB,SPBXM,1,0.01
MEI_SPB,SPBXM,1,0.01
MELI_SPB,SPBXM,1,0.01
MET_SPB,SPBXM,1,0.01
MFGP_SPB,SPBXM,1,0.01
MGLN_SPB,SPBXM,1,0.01
MGM_SPB,SPBXM,1,0.01
MGRC_SPB,SPBXM,1,0.01
MGY_SPB,SPBXM,1,0.01
MHK_SPB,SPBXM,1,0.01
MHO_SPB,SPBXM,1,0.01
MIDD_SPB,SPBXM,1,0.01
MKC_SPB,SPBXM,1,0.01
MKL_SPB,SPBXM,1,0.01
MKSI_SPB,SPBXM,1,0.01
MKTX_SPB,SPBXM,1,0.01
MLAB_SPB,SPBXM,1,0.01
MLCO_SPB,SPBXM,1,0.01
MLHR_SPB,SPBXM,1,0.01
MLM_SPB,SPBXM,1,0.01
MMC_SPB,SPBXM,1,0.01
MMI_SPB,SPBXM,1,0.01
MMM_SPB,SPBXM,1,0.01
MMS_SPB,SPBXM,1,0.01
MMSI_SPB,SPBXM,1,0.01
MNRO_SPB,SPBXM,1,0.01
MNST_SPB,SPBXM,1,0.01
MO_SPB,SPBXM,1,0.01
MODV_SPB,SPBXM,1,0.01
MOH_SPB,SPBXM,1,0.01
MOMO_SPB,SPBXM,1,0.01
MORN_SPB,SPBXM,1,0.01
MOS_SPB,SPBXM,1,0.01
MOV_SPB,SPBXM,1,0.01
MPC_SPB,SPBXM,1,0.01
MPWR_SPB,SPBXM,1,0.01
MRC_SPB,SPBXM,1,0.01
MRK_SPB,SPBXM,1,0.01
MRNA_SPB,SPBXM,1,0.01
MRO_SPB,SPBXM,1,0.01
MRTX_SPB,SPBXM,1,0.01
MS_SPB,SPBXM,1,0.01
MSA_SPB,SPBXM,1,0.01
MSCI_SPB,SPBXM,1,0.01
MSEX_SPB,SPBXM,1,0.01
MSFT_SPB,SPBXM,1,0.01
MSGE_SPB,SPBXM,1,0.01
MSGN_SPB,SPBXM,1,0.01
MSGS_SPB,SPBXM,1,0.01
MSI_SPB,SPBXM,1,0.01
MSM_SPB,SPBXM,1,0.01
MSTR_SPB,SPBXM,1,0.01
MTB_SPB,SPBXM,1,0.01
MTCH_SPB,SPBXM,1,0.01
MTD_SPB,SPBXM,1,0.01
MTG_SPB,SPBXM,1,0.01
MTH_SPB,SPBXM,1,0.01
MTN_SPB,SPBXM,1,0.01
MTOR_SPB,SPBXM,1,0.01
MTRN_SPB,SPBXM,1,0.01
MTSC_SPB,SPBXM,1,0.01
MTX_SPB,SPBXM,1,0.01
MU_SPB,SPBXM,1,0.01
MUR_SPB,SPBXM,1,0.01
MUSA_SPB,SPBXM,1,0.01
MXIM_SPB,SPBXM,1,0.01
MXL_SPB,SPBXM,1,0.01
MYGN_SPB,SPBXM,1,0.01
MYRG_SPB,SPBXM,1,0.01
NARI_SPB,SPBXM,1,0.01
NATI_SPB,SPBXM,1,0.01
NAVI_SPB,SPBXM,1,0.01
NBIX_SPB,SPBXM,1,0.01
NCBS_SPB,SPBXM,1,0.01
NCR_SPB,SPBXM,1,0.01
NDAQ_SPB,SPBXM,1,0.01
NDSN_SPB,SPBXM,1,0.01
NEE_SPB,SPBXM,1,0.01
NEM_SPB,SPBXM,1,0.01
NEO_SPB,SPBXM,1,0.01
NEOG_SPB,SPBXM,1,0.01
NET_SPB,SPBXM,1,0.01
NEU_SPB,SPBXM,1,0.01
NEWR_SPB,SPBXM,1,0.01
NFG_SPB,SPBXM,1,0.01
NFLX_SPB,SPBXM,1,0.01
NGVT_SPB,SPBXM,1,0.01
NJR_SPB,SPBXM,1,0.01
NKE_SPB,SPBXM,1,0.01
NKTR_SPB,SPBXM,1,0.01
NLOK_SPB,SPBXM,1,0.01
NLSN_SPB,SPBXM,1,0.01
NMIH_SPB,SPBXM,1,0.01
NOC_SPB,SPBXM,1,0.01
NOK_SPB,SPBXM,1,0.01
NOV_SPB,SPBXM,1,0.01
NOW_SPB,SPBXM,1,0.01
NP_SPB,SPBXM,1,0.01
NPK_SPB,SPBXM,1,0.01
NRG_SPB,SPBXM,1,0.01
NSC_SPB,SPBXM,1,0.01
NSIT_SPB,SPBXM,1,0.01
NSP_SPB,SPBXM,1,0.01
NTAP_SPB,SPBXM,1,0.01
NTCO_SPB,SPBXM,1,0.01
NTCT_SPB,SPBXM,1,0.01
NTES_SPB,SPBXM,1,0.01
NTGR_SPB,SPBXM,1,0.01
NTLA_SPB,SPBXM,1,0.01
NTNX_SPB,SPBXM,1,0.01
NTRA_SPB,SPBXM,1,0.01
NTRS_SPB,SPBXM,1,0.01
NTUS_SPB,SPBXM,1,0.01
NUE_SPB,SPBXM,1,0.01
NUS_SPB,SPBXM,1,0.01
NUVA_SPB,SPBXM,1,0.01
NVDA_SPB,SPBXM,1,0.01
NVEE_SPB,SPBXM,1,0.01
NVR_SPB,SPBXM,1,0.01
NVRO_SPB,SPBXM,1,0.01
NVS_SPB,SPBXM,1,0.01
NVTA_SPB,SPBXM,1,0.01
NWE_SPB,SPBXM,1,0.01
NWL_SPB,SPBXM,1,0.01
NWLI_SPB,SPBXM,1,0.01
NWS_SPB,SPBXM,1,0.01
NWSA_SPB,SPBXM,1,0.01
NXPI_SPB,SPBXM,1,0.01
NXST_SPB,SPBXM,1,0.01
NYT_SPB,SPBXM,1,0.01
O_SPB,SPBXM,1,0.01
OC_SPB,SPBXM,1,0.01
ODFL_SPB,SPBXM,1,0.01
OFIX_SPB,SPBXM,1,0.01
OGE_SPB,SPBXM,1,0.01
OGS_SPB,SPBXM,1,0.01
OHI_SPB,SPBXM,1,0.01
OI_SPB,SPBXM,1,0.01
OII_SPB,SPBXM,1,0.01
OIS_SPB,SPBXM,1,0.01
OKE_SPB,SPBXM,1,0.01
OKTA_SPB,SPBXM,1,0.01
OLED_SPB,SPBXM,1,0.01
OLLI_SPB,SPBXM,1,0.01
OMC_SPB,SPBXM,1,0.01
OMCL_SPB,SPBXM,1,0.01
ON_SPB,SPBXM,1,0.01
ONTO_SPB,SPBXM,1,0.01
ORCL_SPB,SPBXM,1,0.01
ORLY_SPB,SPBXM,1,0.01
OSIS_SPB,SPBXM,1,0.01
OSK_SPB,SPBXM,1,0.01
OSUR_SPB,SPBXM,1,0.01
OTIS_SPB,SPBXM,1,0.01
OVV_SPB,SPBXM,1,0.01
OXY_SPB,SPBXM,1,0.01
OZON_SPB,SPBXM,1,0.01
PAGS_SPB,SPBXM,1,0.01
PANW_SPB,SPBXM,1,0.01
PATK_SPB,SPBXM,1,0.01
PAYC_SPB,SPBXM,1,0.01
PB_SPB,SPBXM,1,0.01
PBCT_SPB,SPBXM,1,0.01
PBF_SPB,SPBXM,1,0.01
PBH_SPB,SPBXM,1,0.01
PBI_SPB,SPBXM,1,0.01
PCAR_SPB,SPBXM,1,0.01
PCG_SPB,SPBXM,1,0.01
PCRX_SPB,SPBXM,1,0.01
PCTY_SPB,SPBXM,1,0.01
PD_SPB,SPBXM,1,0.01
PDCO_SPB,SPBXM,1,0.01
PEAK_SPB,SPBXM,1,0.01
PEG_SPB,SPBXM,1,0.01
PEGA_SPB,SPBXM,1,0.01
PEN_SPB,SPBXM,1,0.01
PEP_SPB,SPBXM,1,0.01
PETQ_SPB,SPBXM,1,0.01
PFE_SPB,SPBXM,1,0.01
PFG_SPB,SPBXM,1,0.01
PFGC_SPB,SPBXM,1,0.01
PFPT_SPB,SPBXM,1,0.01
PG_SPB,SPBXM,1,0.01
PGNY_SPB,SPBXM,1,0.01
PGR_SPB,SPBXM,1,0.01
PGTI_SPB,SPBXM,1,0.01
PH_SPB,SPBXM,1,0.01
PHM_SPB,SPBXM,1,0.01
PII_SPB,SPBXM,1,0.01
PINC_SPB,SPBXM,1,0.01
PINS_SPB,SPBXM,1,0.01
PIPR_SPB,SPBXM,1,0.01
PJT_SPB,SPBXM,1,0.01
PKG_SPB,SPBXM,1,0.01
PKI_SPB,SPBXM,1,0.01
PLAN_SPB,SPBXM,1,0.01
PLAY_SPB,SPBXM,1,0.01
PLCE_SPB,SPBXM,1,0.01
PLD_SPB,SPBXM,1,0.01
PLNT_SPB,SPBXM,1,0.01
PLTR_SPB,SPBXM,1,0.01
PLUS_SPB,SPBXM,1,0.01
PLXS_SPB,SPBXM,1,0.01
PM_SPB,SPBXM,1,0.01
PNC_SPB,SPBXM,1,0.01
PNFP_SPB,SPBXM,1,0.01
PNTG_SPB,SPBXM,1,0.01
PODD_SPB,SPBXM,1,0.01
POOL_SPB,SPBXM,1,0.01
POR_SPB,SPBXM,1,0.01
POST_SPB,SPBXM,1,0.01
POWI_SPB,SPBXM,1,0.01
PPC_SPB,SPBXM,1,0.01
PPG_SPB,SPBXM,1,0.01
PPL_SPB,SPBXM,1,0.01
PRAA_SPB,SPBXM,1,0.01
PRAH_SPB,SPBXM,1,0.01
PRFT_SPB,SPBXM,1,0.01
PRG_SPB,SPBXM,1,0.01
PRGS_SPB,SPBXM,1,0.01
PRI_SPB,SPBXM,1,0.01
PRLB_SPB,SPBXM,1,0.01
PRSP_SPB,SPBXM,1,0.01
PRU_SPB,SPBXM,1,0.01
PS_SPB,SPBXM,1,0.01
PSA_SPB,SPBXM,1,0.01
PSMT_SPB,SPBXM,1,0.01
PSN_SPB,SPBXM,1,0.01
PSTG_SPB,SPBXM,1,0.01
PSX_SPB,SPBXM,1,0.01
PTC_SPB,SPBXM,1,0.01
PTCT_SPB,SPBXM,1,0.01
PTON_SPB,SPBXM,1,0.01
PTR_SPB,SPBXM,1,0.01
PUMP_SPB,SPBXM,1,0.01
PVH_SPB,SPBXM,1,0.01
PWR_SPB,SPBXM,1,0.01
PXD_SPB,SPBXM,1,0.01
PYPL_SPB,SPBXM,1,0.01
PZZA_SPB,SPBXM,1,0.01
QADA_SPB,SPBXM,1,0.01
QCOM_SPB,SPBXM,1,0.01
QDEL_SPB,SPBXM,1,0.01
QLYS_SPB,SPBXM,1,0.01
QNST_SPB,SPBXM,1,0.01
QRTEA_SPB,SPBXM,1,0.01
QRVO_SPB,SPBXM,1,0.01
QTS_SPB,SPBXM,1,0.01
QTWO_SPB,SPBXM,1,0.01
QUOT_SPB,SPBXM,1,0.01
R_SPB,SPBXM,1,0.01
RACE_SPB,SPBXM,1,0.01
RAMP_SPB,SPBXM,1,0.01
RARE_SPB,SPBXM,1,0.01
RAVN_SPB,SPBXM,1,0.01
RBC_SPB,SPBXM,1,0.01
RCL_SPB,SPBXM,1,0.01
RDFN_SPB,SPBXM,1,0.01
RDS.A_SPB,SPBXM,1,0.01
RDY_SPB,SPBXM,1,0.01
RE_SPB,SPBXM,1,0.01
REG_SPB,SPBXM,1,0.01
REGI_SPB,SPBXM,1,0.01
REGN_SPB,SPBXM,1,0.01
RETA_SPB,SPBXM,1,0.01
REX_SPB,SPBXM,1,0.01
REYN_SPB,SPBXM,1,0.01
REZI_SPB,SPBXM,1,0.01
RF_SPB,SPBXM,1,0.01
RGA_SPB,SPBXM,1,0.01
RGEN_SPB,SPBXM,1,0.01
RGLD_SPB,SPBXM,1,0.01
RGNX_SPB,SPBXM,1,0.01
RGR_SPB,SPBXM,1,0.01
RH_SPB,SPBXM,1,0.01
RHI_SPB,SPBXM,1,0.01
RIG_SPB,SPBXM,1,0.01
RJF_SPB,SPBXM,1,0.01
RL_SPB,SPBXM,1,0.01
RMD_SPB,SPBXM,1,0.01
RNG_SPB,SPBXM,1,0.01
ROCK_SPB,SPBXM,1,0.01
ROG_SPB,SPBXM,1,0.01
ROK_SPB,SPBXM,1,0.01
ROKU_SPB,SPBXM,1,0.01
ROL_SPB,SPBXM,1,0.01
ROLL_SPB,SPBXM,1,0.01
ROP_SPB,SPBXM,1,0.01
ROST_SPB,SPBXM,1,0.01
RP_SPB,SPBXM,1,0.01
RPD_SPB,SPBXM,1,0.01
RPM_SPB,SPBXM,1,0.01
RRBI_SPB,SPBXM,1,0.01
RRC_SPB,SPBXM,1,0.01
RRGB_SPB,SPBXM,1,0.01
RS_SPB,SPBXM,1,0.01
RSG_SPB,SPBXM,1,0.01
RTX_SPB,SPBXM,1,0.01
RVLV_SPB,SPBXM,1,0.01
RXN_SPB,SPBXM,1,0.01
RYN_SPB,SPBXM,1,0.01
RYTM_SPB,SPBXM,1,0.01
SAFM_SPB,SPBXM,1,0.01
SAGE_SPB,SPBXM,1,0.01
SAIA_SPB,SPBXM,1,0.01
SAIC_SPB,SPBXM,1,0.01
SAIL_SPB,SPBXM,1,0.01
SAM_SPB,SPBXM,1,0.01
SAVE_SPB,SPBXM,1,0.01
SBAC_SPB,SPBXM,1,0.01
SBCF_SPB,SPBXM,1,0.01
SBGI_SPB,SPBXM,1,0.01
SBH_SPB,SPBXM,1,0.01
SBRA_SPB,SPBXM,1,0.01
SBUX_SPB,SPBXM,1,0.01
SCCO_SPB,SPBXM,1,0.01
SCHW_SPB,SPBXM,1,0.01
SCI_SPB,SPBXM,1,0.01
SCL_SPB,SPBXM,1,0.01
SCSC_SPB,SPBXM,1,0.01
SDGR_SPB,SPBXM,1,0.01
SEDG_SPB,SPBXM,1,0.01
SEE_SPB,SPBXM,1,0.01
SEIC_SPB,SPBXM,1,0.01
SF_SPB,SPBXM,1,0.01
SFIX_SPB,SPBXM,1,0.01
SFM_SPB,SPBXM,1,0.01
SGEN_SPB,SPBXM,1,0.01
SHAK_SPB,SPBXM,1,0.01
SHEN_SPB,SPBXM,1,0.01
SHI_SPB,SPBXM,1,0.01
SHOO_SPB,SPBXM,1,0.01
SHW_SPB,SPBXM,1,0.01
SIG_SPB,SPBXM,1,0.01
SIGI_SPB,SPBXM,1,0.01
SITE_SPB,SPBXM,1,0.01
SIVB_SPB,SPBXM,1,0.01
SJI_SPB,SPBXM,1,0.01
SJM_SPB,SPBXM,1,0.01
SJW_SPB,SPBXM,1,0.01
SKM_SPB,SPBXM,1,0.01
SKX_SPB,SPBXM,1,0.01
SLAB_SPB,SPBXM,1,0.01
SLB_SPB,SPBXM,1,0.01
SLG_SPB,SPBXM,1,0.01
SLGN_SPB,SPBXM,1,0.01
SLP_SPB,SPBXM,1,0.01
SMAR_SPB,SPBXM,1,0.01
SMG_SPB,SPBXM,1,0.01
SMPL_SPB,SPBXM,1,0.01
SMTC_SPB,SPBXM,1,0.01
SNA_SPB,SPBXM,1,0.01
SNAP_SPB,SPBXM,1,0.01
SNBR_SPB,SPBXM,1,0.01
SNE_SPB,SPBXM,1,0.01
SNPS_SPB,SPBXM,1,0.01
SNX_SPB,SPBXM,1,0.01
SNY_SPB,SPBXM,1,0.01
SO_SPB,SPBXM,1,0.01
SOHU_SPB,SPBXM,1,0.01
SON_SPB,SPBXM,1,0.01
SONO_SPB,SPBXM,1,0.01
SP_SPB,SPBXM,1,0.01
SPB@US_SPB,SPBXM,1,0.01
SPCE_SPB,SPBXM,1,0.01
SPG_SPB,SPBXM,1,0.01
SPGI_SPB,SPBXM,1,0.01
SPLK_SPB,SPBXM,1,0.01
SPOT_SPB,SPBXM,1,0.01
SPR_SPB,SPBXM,1,0.01
SPSC_SPB,SPBXM,1,0.01
SQ_SPB,SPBXM,1,0.01
SR_SPB,SPBXM,1,0.01
SRC_SPB,SPBXM,1,0.01
SRCL_SPB,SPBXM,1,0.01
SRDX_SPB,SPBXM,1,0.01
SRE_SPB,SPBXM,1,0.01
SRI_SPB,SPBXM,1,0.01
SRPT_SPB,SPBXM,1,0.01
SSD_SPB,SPBXM,1,0.01
SSNC_SPB,SPBXM,1,0.01
SSTK_SPB,SPBXM,1,0.01
STAA_SPB,SPBXM,1,0.01
STAG_SPB,SPBXM,1,0.01
STLD_SPB,SPBXM,1,0.01
STMP_SPB,SPBXM,1,0.01
STRA_SPB,SPBXM,1,0.01
STT_SPB,SPBXM,1,0.01
STX_SPB,SPBXM,1,0.01
STZ_SPB,SPBXM,1,0.01
SUPN_SPB,SPBXM,1,0.01
SWAV_SPB,SPBXM,1,0.01
SWBI_SPB,SPBXM,1,0.01
SWCH_SPB,SPBXM,1,0.01
SWI_SPB,SPBXM,1,0.01
SWK_SPB,SPBXM,1,0.01
SWKS_SPB,SPBXM,1,0.01
SWN_SPB,SPBXM,1,0.01
SWX_SPB,SPBXM,1,0.01
SXI_SPB,SPBXM,1,0.01
SXT_SPB,SPBXM,1,0.01
SYF_SPB,SPBXM,1,0.01
SYK_SPB,SPBXM,1,0.01
SYKE_SPB,SPBXM,1,0.01
SYNA_SPB,SPBXM,1,0.01
SYNH_SPB,SPBXM,1,0.01
SYY_SPB,SPBXM,1,0.01
T_SPB,SPBXM,1,0.01
TAK_SPB,SPBXM,1,0.01
TAL_SPB,SPBXM,1,0.01
TAP_SPB,SPBXM,1,0.01
TCBI_SPB,SPBXM,1,0.01
TCMD_SPB,SPBXM,1,0.01
TCRR_SPB,SPBXM,1,0.01
TCS_SPB,SPBXM,1,0.01
TCX_SPB,SPBXM,1,0.01
TDC_SPB,SPBXM,1,0.01
TDG_SPB,SPBXM,1,0.01
TDOC_SPB,SPBXM,1,0.01
TDS_SPB,SPBXM,1,0.01
TDY_SPB,SPBXM,1,0.01
TECH_SPB,SPBXM,1,0.01
TEL_SPB,SPBXM,1,0.01
TENB_SPB,SPBXM,1,0.01
TER_SPB,SPBXM,1,0.01
TFC_SPB,SPBXM,1,0.01
TFX_SPB,SPBXM,1,0.01
TGNA_SPB,SPBXM,1,0.01
TGT_SPB,SPBXM,1,0.01
THG_SPB,SPBXM,1,0.01
THO_SPB,SPBXM,1,0.01
THRM_SPB,SPBXM,1,0.01
THS_SPB,SPBXM,1,0.01
TJX_SPB,SPBXM,1,0.01
TKR_SPB,SPBXM,1,0.01
TM_SPB,SPBXM,1,0.01
TMHC_SPB,SPBXM,1,0.01
TMO_SPB,SPBXM,1,0.01
TMUS_SPB,SPBXM,1,0.01
TMX_SPB,SPBXM,1,0.01
TNC_SPB,SPBXM,1,0.01
TNDM_SPB,SPBXM,1,0.01
TNET_SPB,SPBXM,1,0.01
TNL_SPB,SPBXM,1,0.01
TOL_SPB,SPBXM,1,0.01
TOT_SPB,SPBXM,1,0.01
TPH_SPB,SPBXM,1,0.01
TPIC_SPB,SPBXM,1,0.01
TPR_SPB,SPBXM,1,0.01
TPTX_SPB,SPBXM,1,0.01
TPX_SPB,SPBXM,1,0.01
TREE_SPB,SPBXM,1,0.01
TREX_SPB,SPBXM,1,0.01
TRHC_SPB,SPBXM,1,0.01
TRIP_SPB,SPBXM,1,0.01
TRMB_SPB,SPBXM,1,0.01
TRNO_SPB,SPBXM,1,0.01
TROW_SPB,SPBXM,1,0.01
TRU_SPB,SPBXM,1,0.01
TRUP_SPB,SPBXM,1,0.01
TRV_SPB,SPBXM,1,0.01
TSCO_SPB,SPBXM,1,0.01
TSLA_SPB,SPBXM,1,0.01
TSM_SPB,SPBXM,1,0.01
TSN_SPB,SPBXM,1,0.01
TT_SPB,SPBXM,1,0.01
TTC_SPB,SPBXM,1,0.01
TTD_SPB,SPBXM,1,0.01
TTEK_SPB,SPBXM,1,0.01
TTM_SPB,SPBXM,1,0.01
TTMI_SPB,SPBXM,1,0.01
TTWO_SPB,SPBXM,1,0.01
TW_SPB,SPBXM,1,0.01
TWLO_SPB,SPBXM,1,0.01
TWNK_SPB,SPBXM,1,0.01
TWOU_SPB,SPBXM,1,0.01
TWTR_SPB,SPBXM,1,0.01
TXG_SPB,SPBXM,1,0.01
TXN_SPB,SPBXM,1,0.01
TXRH_SPB,SPBXM,1,0.01
TXT_SPB,SPBXM,1,0.01
TYL_SPB,SPBXM,1,0.01
UA_SPB,SPBXM,1,0.01
UAA_SPB,SPBXM,1,0.01
UAL_SPB,SPBXM,1,0.01
UBER_SPB,SPBXM,1,0.01
UBSI_SPB,SPBXM,1,0.01
UCTT_SPB,SPBXM,1,0.01
UDR_SPB,SPBXM,1,0.01
UFPI_SPB,SPBXM,1,0.01
UFS_SPB,SPBXM,1,0.01
UGI_SPB,SPBXM,1,0.01
UHS_SPB,SPBXM,1,0.01
UI_SPB,SPBXM,1,0.01
ULTA_SPB,SPBXM,1,0.01
UMBF_SPB,SPBXM,1,0.01
UNF_SPB,SPBXM,1,0.01
UNH_SPB,SPBXM,1,0.01
UNM_SPB,SPBXM,1,0.01
UNP_SPB,SPBXM,1,0.01
UNVR_SPB,SPBXM,1,0.01
UPS_SPB,SPBXM,1,0.01
UPWK_SPB,SPBXM,1,0.01
URBN_SPB,SPBXM,1,0.01
URI_SPB,SPBXM,1,0.01
USB_SPB,SPBXM,1,0.01
USFD_SPB,SPBXM,1,0.01
USM_SPB,SPBXM,1,0.01
USNA_SPB,SPBXM,1,0.01
USPH_SPB,SPBXM,1,0.01
UTHR_SPB,SPBXM,1,0.01
UTL_SPB,SPBXM,1,0.01
V_SPB,SPBXM,1,0.01
VAC_SPB,SPBXM,1,0.01
VALE_SPB,SPBXM,1,0.01
VAR_SPB,SPBXM,1,0.01
VC_SPB,SPBXM,1,0.01
VCEL_SPB,SPBXM,1,0.01
VCRA_SPB,SPBXM,1,0.01
VCYT_SPB,SPBXM,1,0.01
VEC_SPB,SPBXM,1,0.01
VEEV_SPB,SPBXM,1,0.01
VEON_SPB,SPBXM,1,0.01
VFC_SPB,SPBXM,1,0.01
VG_SPB,SPBXM,1,0.01
VIAC_SPB,SPBXM,1,0.01
VICR_SPB,SPBXM,1,0.01
VIPS_SPB,SPBXM,1,0.01
VIR_SPB,SPBXM,1,0.01
VIRT_SPB,SPBXM,1,0.01
VLO_SPB,SPBXM,1,0.01
VMC_SPB,SPBXM,1,0.01
VMI_SPB,SPBXM,1,0.01
VMW_SPB,SPBXM,1,0.01
VNDA_SPB,SPBXM,1,0.01
VNE_SPB,SPBXM,1,0.01
VNO_SPB,SPBXM,1,0.01
VNT_SPB,SPBXM,1,0.01
VPG_SPB,SPBXM,1,0.01
VREX_SPB,SPBXM,1,0.01
VRNS_SPB,SPBXM,1,0.01
VRNT_SPB,SPBXM,1,0.01
VRSK_SPB,SPBXM,1,0.01
VRSN_SPB,SPBXM,1,0.01
VRTS_SPB,SPBXM,1,0.01
VRTV_SPB,SPBXM,1,0.01
VRTX_SPB,SPBXM,1,0.01
VSAT_SPB,SPBXM,1,0.01
VTR_SPB,SPBXM,1,0.01
VTRS_SPB,SPBXM,1,0.01
VZ_SPB,SPBXM,1,0.01
W_SPB,SPBXM,1,0.01
WAB_SPB,SPBXM,1,0.01
WABC_SPB,SPBXM,1,0.01
WAFD_SPB,SPBXM,1,0.01
WAL_SPB,SPBXM,1,0.01
WAT_SPB,SPBXM,1,0.01
WB_SPB,SPBXM,1,0.01
WBA_SPB,SPBXM,1,0.01
WBS_SPB,SPBXM,1,0.01
WCC_SPB,SPBXM,1,0.01
WDAY_SPB,SPBXM,1,0.01
WDC_SPB,SPBXM,1,0.01
WDFC_SPB,SPBXM,1,0.01
WEC_SPB,SPBXM,1,0.01
WELL_SPB,SPBXM,1,0.01
WERN_SPB,SPBXM,1,0.01
WEX_SPB,SPBXM,1,0.01
WFC_SPB,SPBXM,1,0.01
WGO_SPB,SPBXM,1,0.01
WH_SPB,SPBXM,1,0.01
WHD_SPB,SPBXM,1,0.01
WHR_SPB,SPBXM,1,0.01
WING_SPB,SPBXM,1,0.01
WIRE_SPB,SPBXM,1,0.01
WISH_SPB,SPBXM,1,0.01
WK_SPB,SPBXM,1,0.01
WLK_SPB,SPBXM,1,0.01
WLTW_SPB,SPBXM,1,0.01
WM_SPB,SPBXM,1,0.01
WMB_SPB,SPBXM,1,0.01
WMT_SPB,SPBXM,1,0.01
WOR_SPB,SPBXM,1,0.01
WORK_SPB,SPBXM,1,0.01
WRB_SPB,SPBXM,1,0.01
WRK_SPB,SPBXM,1,0.01
WRLD_SPB,SPBXM,1,0.01
WSC_SPB,SPBXM,1,0.01
WSM_SPB,SPBXM,1,0.01
WSO_SPB,SPBXM,1,0.01
WST_SPB,SPBXM,1,0.01
WTFC_SPB,SPBXM,1,0.01
WTRG_SPB,SPBXM,1,0.01
WTS_SPB,SPBXM,1,0.01
WTTR_SPB,SPBXM,1,0.01
WU_SPB,SPBXM,1,0.01
WW_SPB,SPBXM,1,0.01
WWD_SPB,SPBXM,1,0.01
WWE_SPB,SPBXM,1,0.01
WWW_SPB,SPBXM,1,0.01
WY_SPB,SPBXM,1,0.01
WYNN_SPB,SPBXM,1,0.01
XEC_SPB,SPBXM,1,0.01
XEL_SPB,SPBXM,1,0.01
XLNX_SPB,SPBXM,1,0.01
XLRN_SPB,SPBXM,1,0.01
XNCR_SPB,SPBXM,1,0.01
XOM_SPB,SPBXM,1,0.01
XP_SPB,SPBXM,1,0.01
XPO_SPB,SPBXM,1,0.01
XRAY_SPB,SPBXM,1,0.01
XRX_SPB,SPBXM,1,0.01
XYL_SPB,SPBXM,1,0.01
Y_SPB,SPBXM,1,0.01
YELP_SPB,SPBXM,1,0.01
YETI_SPB,SPBXM,1,0.01
YEXT_SPB,SPBXM,1,0.01
YUM_SPB,SPBXM,1,0.01
YUMC_SPB,SPBXM,1,0.01
YY_SPB,SPBXM,1,0.01
Z_SPB,SPBXM,1,0.01
ZBH_SPB,SPBXM,1,0.01
ZBRA_SPB,SPBXM,1,0.01
ZEN_SPB,SPBXM,1,0.01
ZG_SPB,SPBXM,1,0.01
ZGNX_SPB,SPBXM,1,0.01
ZI_SPB,SPBXM,1,0.01
ZION_SPB,SPBXM,1,0.01
ZM_SPB,SPBXM,1,0.01
ZNH_SPB,SPBXM,1,0.01
ZS_SPB,SPBXM,1,0.01
ZTS_SPB,SPBXM,1,0.01
ZUMZ_SPB,SPBXM,1,0.01
ZUO_SPB,SPBXM,1,0.01
ZYNE_SPB,SPBXM,1,0.01
ZYXI_SPB,SPBXM,1,0.01
